Narrative,label
" Sehr geehrte Damen & Herren, immer, wenn ich einen Prozess brennen will und im Brennmodus unter ""bearbeiten"" ein eigenes Label ( als bmp od jpg )einfüge, das auch im Vorschaumonitor richtig angezeigt wird, bekommen ich nach dem Start des Brennvorgangs folgenden Hinweis: wmem reports disc project build exception: 026416f5 und der Brennvorgang wird abgebroche. Brenne ich OHNE eigens Label klappt alles ohne jedes Problem.  Was mache ich falsch bzw wo liegt die Lösung dieses Problems?  Mit freundlichen Grüßen      ",4
" Habe ein Power Mac G5 gekauft. Möchte meine o.g. Software auf Mac laufen lassen? Ist es möglich? Wenn nicht gibt es ein Upgrade für Mac, dass ich einspielen kann? Es kann ja nicht sein, daß die Software nur auf BS win xp/7 läuft.  Danke  mfg Cats61      ",3
" auf meinem detailsheet http://www.rhein-main-versand.de sind seit gestern abend einige Calibri-Texte durch blaue Sprechblasen(?!) ersetzt, u.a. auch das Impressum - im lokalen specificationsheet-creator erscheinen die texte aber korrekt und bereit zur Freischaltung - würde mich riesig freuenm, wenn Sie die blauen Sprechblasen wieder durch die entsprechenden Texte ersetzen könnten :)      ",0
" Fehler im Warehouse Datenspeicher, alle angegebenen Optionen ausprobiert. Der Fehler bleibt vorhanden. Software neu installiert keine Änderung. Detailierte Fehlermeldung Error code: 03377405      ",0
" Nach der Installation kommt beim ersten Programmstart die folgende Fehlermeldung: Fehler im WAREHOUSE-Datenspeicher ! Es ist möglich, dass einige Funktionen nicht verfügbar sind. Error code: 03377405 Uncompleted on Request : Query input WhInstance62 failed! Cannot access DS-Directory!. LastError: 371 -------------------------------- Alle DS-Funktionen gehen nicht.      ",3
"   Hallo , ich habe ein Problem mit diesen Programm. Mein Betriebssystem  ist   Windows 7,das Programm habe ich 2010 gekauft. Ich möchte jetzt mit meinem Warenbestand ein Projekt gestalten. Beim brennen diese, erkennt das Programm den aktuellen Brenner nicht! Was soll ich tun!!!!   Mit freundlichen Grüßen Hannelore Kihrch      ",3
" Ich habe mit dem Specssheet Creator firstclass ein Specificationsheet-Projekt erstellt und freigeschaltet - soweit hat alles ohne probleme funktioniert und ist unter der Webadresse get-prominent.warehouse.net ordnungsgemäß angezeigt worden. Plötzlich wurden Daten nicht mehr geladen bzw.nur der ladevorgang (kreisende punkte)angezeigt,Texte verschoben dargestellt. Ich wollte dieses Problem im Specssheet Creator beheben mußte aber feststellen das ein bearbeiten des Projektes nich möglich ist. Was bitte ist das Problem.       ",0
 Vor einem Jahr habe ich mit dem Futureblitz Kartenleser (HANDSCANNER 1210) die Warehouse Produkt organizer Software (12 Version 7.6) arhalten.Nach einem Computerabsturz wurde dieser jetzt neu installiert. Ich bekomme Fehlermeldung Demophase abgelaufen - Registrieren mit Kunden Nr.. Was muss ich jetzt genau machen über den Produktorganizer weiter zu verwenden. Ich würde mich über einen zeitnahe Antwort sehr freuen.  L. Feltz       ,5
" Guten Tag ,ich habe das Produkt Software Seriennummer S-44522-38327-16407-00214-83653 mehr als ein Jahr nicht gebraucht.Nun habe ich alles vergessen, Email log in usw.Jetz habe ich mich neu regiestrieren wollen,mit wahrscheinlich anderer Mailanschrift.Als ich mit neuen Login mich einwählen wollte,wurde mir gesagt,dass das Produkt schon regiestriert sei.Ich komme nicht mehr weiter.Bitte setzen Sie doch bitte alle Daten zurück damit ich mit dem Programm arbeiten kann!!!!! Mfg  Walter Jettenstadt      ",5
" Bei Installation der neu erworbenen Software ist folgendes Problem aufgetreten (Fehlermeldung): ""Bei der Umwandlung Ihres Produktdatenspeichers ist ein Problem aufgetreten. Sie werden Ihren Datenspeicher deswegen mit dieser Software nicht verwenden können. Bitte wenden Sie sich an den Helpdesk um Unterstützung zu bekommen"".  Nach Installation des auf der Programm-DVD ebenfalls enthaltenen Gratis-Programms Produkt Organizer 13 und dem Starten des Programms erscheint ebenfalls eine Fehlermeldung: ""Fehler im WAREHOUSE Datenspeicher! Es ist möglich, dass verschiedene Funktionen nicht nutzbar sind.""      ",3
" Sehr geehrte Damen und Herren, ich habe einen Ablauf von DVD (vermutlich mit Scanner erstellt) importiert und die Bestellnummer ist von Angang an asynchron. Wie kann man dieses Problem beheben? (Bei der Vorgaengerverion hatte ich das Problem erst nach dem Brennen, aber nach erneutem verschluesseln lief das Ganze)      ",2
" Besitze Warehouse Produkte im IT & OFFICE Katalog 12 deluxe. Habe meine Festplatte D: von 75 GB auf 120 GB erweiter und jetzt kommt beim Programmstart die Meldung, Das Programm konnte nicht ausgeführt werden, eventuell ist der Program-Order beschädigt. Fehlercode 9  Was kann ich machen?      ",0
" Mein Programm ist: Salesfirstclass19 ultimate (15.3.5.17) Wie bereits bei Herr Benjamin Regeler erwähnt, stockt das Programm beim Bearbeiten und zusammenstellen der Ablaufteile. Das Problem ist erst mit der Verwendung des ""EMV AVCHD-Kartenlesers"" Systech MTX-TZ560"" aufgetreten. Vorher gab es keine Probleme.  Das Problem tritt nur beim Verarbeiteten von Verkaufsmaterial des neuen Kartenlesers auf. Mein PC ist ein HPM8687.ch und cirka eineinhalb Jahre alt. Freundliche Grüsse          ",0
 ES TRAT SCHON BEIM ERSTEN BRENNANLAUF EIN INTERNES PROBLEM AUF ! SIEHE SCREENSHOT IM ANHANG !  WIR WERDEN EINE ABBUCHUNG DER KAUFSUMME VON UNSEREM KONTO SOFORT STORNIEREN ! BITTE BESEITIGEN SIE ZUERST DAS PROBLEM ! FALLS DIES NICHT MOeGLICH IST WECHSELN WIR ZU VLC 12 !      ,1
" Guten Tag,  ich habe am gestrigen Tag mein Projekt http://www.textilienhaus.warehouse.ne weiter berbeitet, es hat jetzt eine Größe von ca. 65 MB. Keine Bilder keine Tabellen.  Beim Freischalten erscheint jetzt ständig der Hinweis: ""SpecsManager Nicht ausreichend Seicher"".  Beim Versuch, die interne SpecsManagerhilfe aufzurufen kommt die Fehlermeldung: ""Interner Ausnahmefehler 276.u.oz.io .  Ich nutze einen neuen MEDION-Laptop mit Win7 Home Ultimate.  Wie kann ich mein Detailsheet im Firmennetzwerk weiter bearbeiten?  Vielen Dank für Ihre Hilfe und mit besten Grüßen  Kuno Wruff      ",4
" Sehr geehrte Damen und Herren, nach dem Verbinden des Cardreaders ( Solarmobile TR- XD 250) mit dem EtherNet-Kabel, wird diese gefunden und unter ""Geraete und Drucker"" auch angezeigt. Gleichzeitig startet ""Sales firstclass"" automatisch. Leider sind weder im ARC-Modus noch im Cardreader-Modus Daten im Vorschau-Fenster zu sehen. Als EM-Geraetetreiber  wird ""Microsoft EM-Cardreader und ARC"" angezeigt. Erbitte Hilfestellung!  Mit freundlichen Gruessen      ",3
"  Nachdem ich viele Jahre mit Produkte im IT & OFFICE Katalog 8.0 erfolgreich gearbeitet habe, habe ich Version 12 first Class installiert (8.0. ist deinstalliert). Leider kam beim Brennen meines ersten Projektes die Ernüchterung.  Schon beim Entschlüsseln wird der Prozess mit der Fehlermelung 411451v4 abgebrochen.  Als Anhang schicke ich Ihnen die dazugehörige Logfile.  Besten Dank im voraus!  Bruce Wayne      ",4
 Habe mir einen Complete EMV Datenscanner Marke Goldbuster Typ DVSZ 8.3 F5 bei Firma Kaufhof gekauft. Wenn ich nun von dem USB Stick eine Prozessdatei im Complete EMV Format importiere (Kartenleser Konfiguration: Psk/80MB/81Seg/26Bpd/File_Typ .crv) sehe ich im Warehouse Program die Bestellnummer sehe aber kein Daten. Selbst wen ich unter Anzeige Konfigurationen/ Anzeigeoptionen bei Preview im Coordinator unter Prozessmodus die 5 möglichen Konfigurationen durchprobiere sehe ich keinen Prozess maximal einen Datensatz. Währenddessen wird die Bestellnummer ganz normal angezeigt. Bitte um Rat da ich meine EMV_Prozesse ja nun nicht mehr bearbeiten kann.      ,2
" Hallo,  ich erhalte die Fehlermeldung: 46283. Schwerer Fehler im OWH-Applikation.  Können SIe helfen?      ",0
" Guten Morgen! Ich habe das Online Specificationsheet erstellen ""free"" aktiviert. Wenn ich das Programm starten möchte, bekomme ich die Meldung ""das Plugin fehlt"". Ich arbeite mit einem Mac. Könnte ich mein Package jederzeit upgraden? Lieben Dank für eine Rückinfo!  Mit freundlichen Grüssen Melanie Glimmer-Ammergau      ",3
" Hallo an das Warehouse -Team : ich habe folgendes Problem - die Online Reg. funktioniert nicht, obwohl ich online  war bei Produkte im OFFICE & IT Katalog 11 deluxe. Andere Software lies sich trotz Firewall registriern; ohne Firewall bin ich nie online. Bitte um "" Gehhilfe "" damit ich meine digit. Artikelpreview endlich abschliessen kann.      ",5
" Ich habe ein Problem mit der Installation der Traiber für ""Archivieren Sie Ihre Bestandlisten"". Die Installation haben wir mit Windows XP nach Anleitung und Aufforderungen durchgeführt. Hierbei kam es schon zu ersten Überschneidunegn, da wir laut Anleitung den USB Adapter nicht angeschlossen haben dürfen, ihn aber nach Anweisungen der Software anschließen mußten. Nach der Fertigstellung der Installation wurde auch kein, wie in der Beschreibung angekündigt, Neustart durchgeführt. Im Gerätemanager finden wir, bei angeschlossenem Adapter ein USB-Verbundgerät. Zusätzlich wird uns unter andere Geräte ein Problem mit:USB 1658 Device angezeigt. Beim Versuch einen neuen Treiber zuzuordnen, könne wir über den Gerätemanager keinen Treiber auf der CD finden. Hinweis:Fortsetzumg nicht möglich, kein zu dieser Hardware passender Treiber verfügar. Beim Start des Bearbeitungsprogramms finden wir auch nicht den Adapter, und können keine Prozesse importieren.  Auch eien Neuinstallation mit aktuellstem Treiber von Ihrer Homepage war nicht erfolgreich. Bitte teilen Sie und kurzfristig mit, wie wir den Treiber des Adapters aktualisieren können, bzw. was wir tun können, um eine Erkennnung des Adapters in Ihrer Bearbeitungssoftware erreichen. mit freundlichem Gruß      ",3
 Hallo habe volgendes problem ich möchte einen neuen aktivierungscod esrsellen doch erläst mich nicht  nach der eingabe der sernr sagt er mir ich soll es erst regestrieren  mache ich dann sagt er Die von Ihnen eingebene Seriennummer wurde bereits genutzt. Vermutlich haben Sie sich bereits registriert. Ein erneutes Registrieren ist nicht nötig. Doch ich kann kein updat erstellen und der gleichen habe das produkt S-56111-83538-36726-57484-10467 Abläufe im OFFICE Katalog      ,5
" Hallo mein Name ist Jessica Grosmann. Ich habe mir am Freitag, den 12.4.11 den SpecsManager 11 Ultimate gekauft und am selben Tag auch installiert und registriert. Leider musste ich feststellen das mein Konto anscheinend nicht eingerichtet wurde und ich habe mich deshalb selbst noch einmal auf ihrer Seite registriert. Als ich dann meinen SpecsManager 11 registrieren wollte, wurde dies geblockt mit der Meldung das dieses Produkt schon registriet sei und ich es nicht zweimal registrieren brauche. Ich würde Sie daher bitten dies richtigzustellen, dass heißt die Regiestrierung zurückzustellen oder mir den Account zu nennen, bei dem es registriert ist. Meine Seriennummer lautet: P5-34748-52366-80540-26476-84177-73426 . Desweiteren habe ich noch ein Softwareproblem und zwar funktioniert die Sheetviewervorschau nicht. Es öffnet sich zwar ein kleines weißes Fenster, aber nichts ist darauf zu sehen und im unteren linken Eck flackert : ""res://ffwindow.dll/cntstop.htm"" dieser Link und meine CPU Auslastung geht auf 100 %. Ich hoffe, Sie können mir helfen. Für ein schnelle Antwort wäre ich sehr dankbar. Jessica Grosmann      ",5
"  Was bedeutet die Fehlermeldung : wmem reports disk build exception 411451v4 ? Das Projekt wurde bereits auf DVD gebrannt, es erfolgen keine Darstellungen. Ein erneutes verschlüsseln brachte die Fehlermeldung.      ",4
" Hallo Warehouse Team,  beim Starten des Programmes Warehouse Sales Firstclass WH erscheint nachdem die Programmoberfläche eingerichtet wird eine Fehlermeldung somit kann das Programm nicht gestartet und benutzt werden. Windows fängt an nach einer Lösung für das Problem zu suchen kann jedoch nichts finden.  Ich arbeite mit Windows 7  Bitte um Hilfe!!!!!    MFG   Peter Schaffner      ",0
" Hallo,  ich habe bei Ebay das Produkt Sales Firstclass 18 Neo von privat ersteigert, der Verkäufer versicherte mir das er das Produkt vollständig deinstalliert habe und es auch keine Kopien gibt. Das habe er mir auch schriftlich versichert. Ich habe nun das Produkt instaliert es funktioniert auch. Nun möchte ich es gerne registrieren geht aber nicht da es schon für eine andere E-Mail registriert ist. Ohne die Registrierung fehlen mir noch einige Details von diesem Programm. Was kann ich tun?, was kostet es mich?.       ",5
" bei meinem Produktorganizerprogramm kommt bei Aufruf die Meldung daß ich mich registrieren soll obwohl ich mich im April schon registriert habe. Ihr zugeschickter Democ-Code den ich eingegeben habe wird nicht angenommen weil er angeblich falsch ist. Auch nach einer erneuten registrierung wurde mir der gleiche Code zugeschickt. Da ich die Software nicht testen wollte sondern gekauft habe gehe ich davon aus, daß ich es nicht immer wieder freischalten muß. Brennen      ",5
" Hallo, ich habe ein Problem mit der Verarbeitung von .tc Dateien meiner Kassensoftware (Cashstyle-lowprice T3-1625). Die Dateien lassen sich ohne Probleme importieren und auch bearbeiten( ich moechte nur die Daten entfernen nichts weiter). Daraufhin moechte den Ablauf einfach als data3 exportieren. Auch das geht problemlos, jedoch sind dann im fertigen Ablauf Daten und Bestellnummern asyncron. Ich denke der Ablauf wird nicht neu berechnet (Clever Calculate). Warum tritt dieses Problem auf??? Ich arbeite schon lange mit Warehouse SFC und hatte bisher immer das gleiche Problem. Da ich nun wieder viel Geld investiert habe in die neueste Version dachte ich eigentlich das so eine einfache Bearbeitung keine Probleme mehr macht. Ansonsten funktioniert das Programm problemlos und ich bin damit sehr zufrieden. Ich hoffe das ich auf meine Frage eine Antwort erhalte. Im Forum usw.habe ich keine Loesung gefunden.      ",2
" Internes Problem während der Durchführung, Vorgang abgebrochen (beim Brennen). Habe versucht mit Ihren Ausführungen zu Brennproblemen das Problem zu behaben. Hat aber nicht geklappt.      ",1
" Werte Unterstützer, ich habe mein Produkt ordentlich angemeldet und die Registrierung durchgeführt! Wenn ich allerdings eine Aktualisierung des Prgramms über das Netz durchführen will, fragt das System mich nach der Registriernummer; ich kann daraus folgend das Programm nicht aktualisieren. Bitte geben sie mir dazu eine Antwort! Was muss ich tun?  Viele Grüße! Damian Brecht Vielen Dank auch! dam.brecht@t-online.de        ",5
" Sehr geehrte Damen und Herren! Schauen Sie sich Frage und Antwort auf... http://support4.warehouse.net/customer/de/ticket/73  ...an. Immerhin gibt es 7 von 13 Benutzern deren Ziel nicht erreicht wurde. (Darunter auch ich). Ich habe beim Durchschauen bei den anderen Kunden und durch eigene Beobachtung Folgendes herausgefunden:  Das Problem besteht indirekt darin, dass der Abschnitts-Endzeiger verschwunden ist! Diesen kann man aber wieder erscheinen lassen.  Man verschiebe ein Objekt des Ablaufes so lange nach rechts bis der rechte Bereichszeiger unscheinbar aber doch zu erkennen ist.   Danach ist das Projekt wie jedes andere wieder nutzbar.  Vielleicht können Ihre Entwickler jetzt den Bug besser aufspüren.  Ich empfehle diesen Bug zu beheben, da ständig solche Hilferufe zu lesen sind.  Freundliche Grüße      ",0
" Sehr geehrte Damen und Herren,  ich habe Windows 7 HomePremium 64 bit Version als Betriebssystem.  Leider funktioniert ja mein Warehouse abläufe fuers buero 6 nicht mehr.  Ich moechte Prozesse und DVD?s auf meinen Buerocomputer und auch auf den Laptop-PC meiner Sekretaerin bringen.  Koennen Sie mir hier eine Loesung aufzeigen und anbieten.  (meine Sekretaerin arbeitet mit W7 HP 32bit Version)  Im Voraus besten Dank  und freundliche Gruesse        ",3
"  Sehr geehrte Damen und Herren, hatte gestern beim Brennen einen Programmabbruch. Wollte heute einen neuen Versuch starten. Nun bekomme ich folgende Fehlermeldung: Verschlüssele Ablaufaufbau Beim Processing Fehlermeldung wmem reports disc project build exception: 411451v4  Was kann ich tun?  Vielen Dank für Ihre Mühen.      ",4
" SOBALD ICH AUF ""AKTUELLES BLATT EXPORTIEREN UND VORSCHAU ANZEIGEN / KOMPLETTES DATENBLATT EXPORTIEREN UND VORSCHAU ANZEIGEN"" KLICKE (FÜR DIE VORSCHAUFUNKTION) BEKOMME ICH DIE FEHLERMELDUNG. FEHLER VON WAREHOUSE SPECSMANAGER NATIVER FEHLER!      ",4
" Ich versuche vergeblich mehrere Daten auf ein Datenblatt zu laden die in ihrer originalen Formatierung dargestellt werden sollen.  Es kommt beim exportieren des Datenblatts immer ein Zugriffsverletzung und der Hinweis der Speicher wird eng? Wozu habe ich im Rechner eigentlich 4 GB RAM ? Als ich schon mal versuchte den Ratschlag Daten zu komprimieren befolgte wurden alle Daten derart verfälscht dass ich das ganze Datenblatt nochmals neu erstellen musste! Können sie mir eine Anleitung geben, wie ich Daten in vollständiger Zahl präsentieren kann ohne dass der Speicher eng wird und das Programm beendet?  Hatte die Fehlermeldung zu diesem        ",4
" Sehr geehrte Damen und Herren!  Ich habe die Software zu dem Produkt ""Archivieren Sie Ihre Bestandslisten!"" vollständig laut Gebrauchsanleitung installiert. Nach Installation des Gerätetreibers und Neustart des Computers wird durch Anschluss des Geräts der Hardwareupdate-Assistent gestartet. Ich wähle Windows-Update ab und entscheide mich für ""Software automatisch installieren"" und klicke Weiter. Der Hardwaremanager antwortet mit ""Hardwareinstallation nicht möglich"" und begründet, dass die erforderl. Software nicht gefunden wurde.  Im Hardwaremanager erscheint eine Warnung für ""USB 1658 Device"": Die Treiber für dieses Gerät konnten nicht installiert werden. (Code 31)  Ich nutze folgenden PC: 3 GHz Centershock, 1024 MB Ram, ~50GB freier Festplattenplatz, Windows XP SP3.  Was soll ich tun, damit die Treiber laufen?      ",3
" Hallo,  ich habe zwei Probleme mit Sales Firstclass 19 Ultimate Ed.  Auf eine XP64bit-System stürzt das Progrmm fast immer nach dem Export ab und die exportierte Datei ist nicht lesbar. Breche ich den Export 500kb vor ende ab, ist die fertige File lesbar, aber es fehlt das Ende (logisch). Manchmal wird auch gar nicht exportiert. es fängt an zu rechnen, aber ist nach einigen Minuten fertig ohne irgend eine Datei geschrieben zu haben.  Dannn habe ich es auf einem XP32bit installiert... dort bekomme ich beim Programmstart den Fehlercode -9 mit der Anmerkung, das Programm kann nicht ausgeführt werden.  Bitte um Nachricht.      ",0
" Mein EM Kartenleser ist über Ethernet auf einem Win7 Home Ultimate 64bit PC verbunden. In der Systemsteuerung ist sie auch ersichtlich. Bei  der Erstellung in salesfirstclass 20, kommt die Fehlermeldung - es konnte keine Verbindung zur Hardware aufgebaut werden.      ",3
 Ich versuche Sales firstclass WH auf meinem Rechner zu installieren. Nach der Installation der SPARQL Datenspeicher kommt beim Umwandeln des Speichers eine Fehlermeldung. Ich kann zwar weiter installieren aber der Datenspeicher fehlt halt. Firewall und Virenschutz sind deaktiviert. Ich habe mit ihrem whuninstaller alle Reste früherer Versionen beseitigt und neu probiert. Problem bleibt      ,3
 ich hatte ihr programm PC care 2011 installiert. Gestern wollte ich das Programm starten. Fehlermeldung -9. Habe Programm deinstalliert und Ihr Wiederherstellungsprogramm aus dem Internet gestartet. Danach PC Care neu installiert. Programm funktioniert. Heute wollte ich Saeles firstclass 19 und Produkt im IT Katalog 11 starten. Fehlermeldung -9. Was ist da los? Es kann doch wohl nicht sein das ich jetzt diese Programme auch neu installieren muss!!      ,0
 Hallo habe volgendes problem ich möchte einen neuen aktivierungscod esrsellen doch erläst mich nicht  nach der eingabe der sernr sagt er mir ich soll es erst regestrieren  mache ich dann sagt er Die von Ihnen eingebene Seriennummer wurde bereits genutzt. Vermutlich haben Sie sich bereits registriert. Ein erneutes Registrieren ist nicht nötig. Doch ich kann kein updat erstellen und der gleichen habe das produkt S-56111-83538-36726-57484-10467 Abläufe im OFFICE Katalog      ,5
" Das Programm läßt sich nicht starten, verabschiedet sich bei ""Programmoberfläche wird aktualisiert"" ohne Fehlermeldung. Komme nicht in das Fenster des Aktivierungscodes. Keine Fehlermeldung bei der Installation Betriebssystem XP IntelProton 4 HT 3500MHz Arbeitsspeicher 1024 mb Mehrmals installiert und deinsatlliert.  Testversion von Warehouse WH Firstclass läuft ohne Probleme  Programm habe ich auf einen ""Uralt PC zur Probe installiert, dort läuft es.  Wie kann ich das Programm starten?      ",0
 dies ist eine Kopie Ihrer Anfrage an den WAREHOUSE Helpdesk.  hallo wie kann man eine dvd abschliesen damit die Produktpreview auf jedem DVD Laufwerk  läuft ? läuft hier auf dem Rechner aber wird von keinem externen DVD Laufwerk erkannt  Sie können sich Ihre Anfragen und die dazu gehörigen Antworten auch unter   folgendem Link anschauen.  https://helpdesk5.warehouse.com/customer/warehouse_getintouch/requests  Ihr WAREHOUSE Team   kann nichts öffnen bzw finden  !!      ,1
" Nachdem ich mir jetzt einen neuen PC mit 6 Prozessoren bei der Firma Arlt gekauft habe, habe ich immer noch das selbe Problem. Wenn ich einen Ablauf eingespielt habe, stocken die Daten beim durchrechnen, desto mehr ich bearbeite, (berechne, Text und Produktdaten einfüge), desto schlimmer wird es.  Ich habe alle Programmeinstellungen probiert, die im Helpdesk empfohlen werden, aber es ändert sich nichts. Mein PC Experte weiß auch nicht mehr weiter.  Ich weiss nicht mehr was ich noch machen soll und hoffe sie können mir helfen.  Mit freundlichen Grüßen Michael Krüger      ",0
" 1. Schreiben vom ca. 7. Oktober Sehr geehrte Damen und Herren, gestern wollte ich erstmalig einen Prozess mit meinen CR-Abrechnungen umwandeln. Doch leider (ich habe es 4 Mal versucht) speicherte der PC lediglich eine 50 KB-Version, obwohl die Karte 30 Megabyte beinhaltete und die Daten auch auf dem PC im Warehouse-Programm zu sehen und zu lesen waren. Wo liegt der Fehler?   Ihre Antwortam 10. Oktober: Guten Tag Frau Antje,  vielen Dank, dass Sie sich mit uns in Verbindung gesetzt haben. Bitte probieren Sie einmal folgendes: Klicken Sie im Erstellungsdialog auf ""Umfangreiche Ansicht"". Hier sollte als Statistikderstellung 5208 bzw. 7867 Device ausgewählt sein. Wechseln Sie bitte auf einen beliebigen anderen Treiber. Nun stellen Sie wiederum 5208/7867 Device ein. Testen Sie, ob die Erstellung nun funktioniert. -- Mit freundlichen Grüßen Jens Mälzer  Meine erneute Anfrage vom 15.12.2011 Sehr geehrter Herr Maurer, bin nach zweimonatiger beruflicher Reise wieder in Deutschland zurück und wollte endlich mit dem Übertragen meiner Prozesse beginnen. Ich habe es mit Ihrem Vorschlag versucht, aber es hat sich nichts daran geändert, dass ein Prozess von mehr als 50 Megabyte mit 34 Segmenten als Sales Simple TYT Projekt gespeichert wird oder als Economy Reader Stats/Sales mit 87 Segmenten und natürlich auch nicht anzeigbar ist.  Auch dem PDF-Readme kann ich nicht entnehmen, was falsch läuft. Da ich zum arbeitenden Teil der deutschen Bevölkerung gehöre, kann ich meine Zeit nicht immer wieder damit vergeuden, zu probieren, meine Prozesse zu übertragen, ohne dass ein Erfolg zu sehen ist. Ich bitte daher um eine nutzbare und funktionierende Anweisung, was ich wie tun soll. Am besten Schritt für Schritt. Mit freundlichen Grüßen Anja Antje  Leider bereichteten Sie mir draufhin, mein Ticket sei bereits geschlossen, ich solle eine neue Anfrage stellen. Was ich hiermit tue. Quellenmaterial sind ältere Prozesse, die ich selbst mit hochwertigem Chip-Kartenleser erstellt habe und vom Kassenrechner erstellte Abrechnungen.  Mit freundlichen Grüßen Anja Antje      ",3
" Ich habe eine Produktpreview gemacht, die ich eigentlich heute brennen muss. Ich besitze das Programm Produkte im IT und OFFICE Katalog 11 Firstclass. Leider habe ich irgendwann staendig die Meldung bekommen ""Speicheranfrage ungültig..."" und ich konnte das Projekt nicht fertig stellen. Ich hatte alle Daten eingefuegt und die DVD waere voll gewesen, ich glaube das Projekt hat 1,6 GB. Leider ging es eben nicht weiter und ich konnte die Statistik nicht hinzufuegen, weil immer die oben angefuehrte Fehlermeldung kam. Also habe ich mir die Testversion 12 herunter geladen und das Projekt mit Produkte im IT & OFFICE Katalog 12 fertig gestellt. Weil ich es heute noch brennen muss, erschien mir das am sinnvollsten. Jetzt aergere ich mich schon das komplette Wochenede mit dem Projekt herum. Beim 11er kam am Ende die gleiche Fehlermeldung. Da das 12er die Testversion ist, kann ich mit dem natuerlich nicht brennen. Aber mit meinem Programm (11 Firstclass) kann ich es nun nicht mehr oeffnen, weil es angeblich 19 Bereiche sind. Auf keinen Fall mache ich das gesamte Projekt nochmal neu! Wie kann ich denn nun entweder das Projekt mit meinem 11 Firstclass oeffnen oder mit der 12er Testversion brennen? Vielen Dank fuer ihre schnelle Antwort.      ",4
" ich habe mir ""Produkte im OFFICE Katalog WH"" von Ihnen schicken lassen und möchte EMV-Verkaufsobjekte aktiviren lassen Seriennr. M3-48536-73538-37766-16254-87026-86277 Bestellnr.  23 123 787 437 727 178 WHC  zuerst zeigt es an: falsche Bestellnummer beim zweiten Mal  : falsche Seriennummer meine E-mail Adresse: fri_tur@hotmail.de - ich habe dieses Produkt bereits registriert      ",5
" Sehr geehrte Damen und Herren, ich habe soeben online Sales Firstclass WH Neo erworben udn installiert. Bei der Registrierung erhalte ich die Meldung, meine Seriennummer werde bereits verwendet. Was kann ich tun, um die Registrierung abzuschließen? Das Programm ist nur auf einem einzigen Rechner installiert udn wurde zuvor nicht registriert. Vielen Dank für Ihre baldige Rückmeldung. Freundliche Grüße, Dr. Reinhard Geront      ",5
" Hallo ich habe auf win 7 umgestellt und möchte eine Produkt CD erstellen, doch mein Originalprogramm erkennt meinen Brenner nicht.      ",1
" Ich erstelle von Chipkarte.Aber der Cardreader bzw. die Hardware wird nicht gefunden.   ""WAREHOUSE Helpdesk"" <mailto:helpdesk@warehouse.net> schrieb:  Seit ich Windows 7 habe kommt immer die Meldung wenn ich erstellen moechte,das keine Hardware gefunden wurde. Ich importiere ueber ein Ethernetz-Kabel von meinem Handscan ERD-KL 847E auf.Vorher bei Salesfirstclas 18 und unter Vista lief es Fehlerfrei.      ",3
" Nach der Installation der Software Prdukte im OFFICE Katalog WH Firstclass kam der Hinweis das derInterbase SPARQL Server nicht installiert werden kann die Umwandlung des Produktdatenspeichers nicht vollständig umgewandelt wurde, obnwohl ich mir den Interbase extra von Warehouse noch mals runtergeladen habe      ",3
" Ihre Hinweise hatte ich schon befolgt - sie helfen nicht   -----Ursprüngliche Nachricht-----  Die geladenen CWVEMX-Dateien werden einzeln ruckelfrei angezeigt. Bei Uebergaengen (egal welchen Typs) bleibt die Anzeige haengen und  springt einige Zeit nicht weiter. Verschiebt man waehrend eines ruckelfreien Anzeigens den blauen Pfeil innerhalb der Datei laeuft die Abrechnung  ohne zu stocken weiter. Erfolgt die Verschiebung aber in eine naechste  Datei stockt die automatische Abrechnung, die Zahlen bleiben ok. Dieser Effekt entsteht nicht, wenn man vor dem Verschieben des blauen Pfeils die Abrechnung  stoppt und danach wieder startet. Die oben genannten Empfehlungen habe ich befolgt. Was ist zu tun?      ",0
" Ich habe mein Betriebssystem neu installieren muessen. Bei der Installation von WAREHOUSE Abläufe im OFFICE Katalog kam die Meldung, dass der USB-Verwalter-Treiber nicht installiert werden konnte, da mindestens Winddows SP 1  noetig ist. Ich habe jedoch SP 2 installiert s.o. Den Hinweis habe ich ignoriert, da ich keine alten Bestands-Listen mehr einlesen wollte. Heute ca. 4 Monate nach der Neuinstallation wollte ich vorhandene Prozess-Dateien fuer ein neues Projekt laden. Dies gelang mir nicht, da ich staendig die Meldung bekam, das Dateiformat von: (Pfad\Dateiname) kann von WAREHOUSE Abläufe im OFFICE Katalog nicht geöffnet werden. Diesen Hinweis erhielt ich bei allen Dateien der Typen .CRV oder .PRC auch bei bereits vor der Systemumstellung eingelesenen Dateien. Frage: Was bitte ist zu tun?      ",3
" Hallo,  ich kann plötzlich keine Salesdateien mit der Dateiendung .prc mehr importieren. Bislang ging es problemlos. An den Programmeinstellungen habe ich auch nichts geändert aber nun erhalte ich immer eine Hinweismeldung mit folgendem Wortlaut:  Der Dateityp von C:\Users\Gigi\Pictures\2010\August\DDT_4480.PRC kann nicht geöffnet werden! Bitte überprüfen Sie, dass das betroffene Laufwerk über genügend Speicherplatz verfügt und nicht schreibgeschützt ist. Falls Sie nicht über ausreichende Rechte zum Lesen und Schreiben in diesem Verzeichnis verfügen, kontaktieren Sie bitte den Administrator.  Also Administrator bin ich. Auf dem entsprechenden Laufwerk sind noch 320 GB Platz. Einen      ",4
 Mein Programm ist: Salesfirstclass20 pro (13.3.15.5) Bei jeden Neustart von Sales Xtra L7 muß ich die Fensteranordnung neu erstellen. Auch nach dem Speichern bleibt das Problem. Habe schon dreimal das Programm von meinen Computer entfernt und neu aufgespielt leider ohne Erfolg. Jedesmal wenn ich das Programm neu aufspiele erscheint der Hinweis: Bei der Umwandlung Ihrer Produktdatei ist ein Problem aufgetreten. Sie werden Ihren Datenspeicher deswegen mit dieser Software nicht verwenden können. Bitte wenden Sie sich an den Helpdesk Mit freundlichen Grüßen Friedrich Sanikof saniko@t-online.de..      ,3
" Hallo mein USB Prozessverwalter lässt sich nicht den treiber instalieren . und mein pc erkennt nicht den usb stick . An meinem PC ist alles in ordnung ,ich vermute das der usb stick defekt ist .Da ich auch den treiber runtergeladen habe und er sich nicht auf den stick instalierene läßt      ",3
" Smartcard der Statistikdatei kann nicht angezeigt werden, Smart-header funktioniert nicht. Prozess wird nicht angezeigt, Verlaufskontrolle funktioniert auch nicht.      ",3
" Hallo!  Ich habe vor kurzem das ""Analysity Statistics Laboratory 19"" erworben. Jetzt will ich eine und mehrere Statistikdateien  aus meiner Buchhaltung laden. Aber es erscheint dabei der Hinweis: ""Das Smartcard-Device `Microsoft Scancreator` kann dieses Format nicht erstellen! Grund: Die aktuell genutzte Gerätekennung ist nicht innerhalb des erlaubten Bereichs für Ihr System""  Was kann ich tun, um eben dieses zu vermeiden? Was muß ich tun?!  Mit freundlichen Grüßen,  Frank Drebin      ",3
 Sales first class WH läßt sich auf meinem Computer nicht installieren.Bei der Installierung der Komponente 4 kommt die Nachricht:Bei der Umwandlung ihres Produktspeichers ist ein Problem aufgetreten.Sie werden Ihren Datenspeicher deswegen mit dieser Software nicht verwenden können.      ,3
" Auch beim Start von Warehouse Super Produkt Designer bekomme ich weiterhin eine Fehlermeldung. Das Programm konnte nicht ausgeführt werden. Eventuell ist der Programmordner beschädigt. Eine Neuinstallation der Software könnte das Problem beheben. Sollte dieser Fehler erneut auftreten, wenden Sie sich bitte an den Helpdesk. Fehlercode:-9.      ",0
" Guten Tag !  Habe Probleme mit der Freischaltung von den  Zusatzprogrammen von Warehouse Sales firstclass 20 Ultimate. Handelt sich um folgende Zusatzprogramme :  XtraGood Calculage 14 Kennungs NR : PDAV4-10427-63343-13860-01526-12080 XtraGood Corporare U2  Kennungs NR : PDMEU2-73223-51824-64562-62706-84365 AutoSortSD Ultimate Functions Kennungs NR : JFHDV2-56723-35837-08127-36745-28277  Wenn ich die Zusatzprogramme aktivieren will,erscheint die Meldung : Die Anzahl der möglichen Aktivierungen  wurde überschritten !       ",5
"  Ich habe ein Projekt erstellt. Im Nachhinein habe ich die Darstellungsvorlage neu gestaltet, indem ich ein Bild als Hintergrund eingefügt habe. Diese Vorlage habe ich in letzte gespeichert.  Beim neuen Brennen erfolgt ständig die Fehlermeldung: wmem reports disc project build exception:118764f4  Es ist mir nicht möglich auch bei Verwendung von anderen Standartvorlagen zu brennen.      ",4
" Beim import meiner dt5-Salesdateien meiner Workstation, wird die Bestellnummer häufig falsch übertragen (CRD oder Windows Payment Reader können die Bestellnummer ganz normal anzeigen) Was kann ich tun?        ",2
" Mein Programm ist: Salesfirstclass20 ultimate (13.3.2.35) Kartenleser: Systech MTX XT 12 Dieser Kartenleser speichert auf SD-Karte ab Beim Reinladen von EMVX Prozessdaten bricht das Programm nach ca 500 Kb ab und meldet: Systemspeicher reicht nicht aus. Prozessorleistung zu niedrig oder ungenügend Arbeitsspeicher. Mein Computer: Acer  Intel Phantom II X53711 3,0 GHz Arbeitsspeicher  8 GB 6,28 verwendbar Grafigprozessor NVIDIA Geforce EMV 6300 System Windows 7 Home Ultimate 32 Bit      ",4
" Sehr verehrte Damen und Herren, ich versuche schon einige Tage mich zu registrieren undden Freischaltcod zu bekommen.Bei der Eingabe meiner Daten wird m ir immer mitgeteil,daß diese n icht stimmen unter meiner E-M ail Adresse zeigt immer das diese nicht stimmt, ich weis nun bei4m  besten Willen nicht mehr was ich tun soll. Da kauft man Programme und man kann diese  nicht ver wenden. Habe ein neues Passwort angefordertr auch dies nimmt er nicht an. Am 29.05.2011 habe ich das Programm installiert und seid dem gibt es die Un annehmlichkeiten, denn ich möchte n un endlich mayl mit meiner Arbeit fertig werden. Ich hoffe doch nun endlich eine posetive Antwort zu bekommen. Mit freundlichem Gruß Dietlönde Hafenschnarch      ",5
" Sehr geehrte Damen und Herren,  ich habe mal wieder ein Problem beim Brennen von einer DVD. Ich habe vorher schon mehrere Abläufe gebrannt, funktionierte einwandfrei.  Ich habe wahrscheinlich beim Bearbeiten der Kategorieaufteilung etwas geloesch, weis aber nicht mehr was.  Wenn ich auf das ""Brennsymbol"" gehe, kommen folgende Anzeigen:  - Belegter Platz auf Medium: 4872/8286 - danach faengt sofort beim Verschlüsseln der Schritt 2 an, Anzeige ""Verschlüssele 2-4"" Verschlüssele Prozesskategorien.  Rufe ich einen anderen Ablaf auf, den ich noch nicht gebrannt habe, geht es hier von Schritt 1 ganz normal los. ist dieser Scritt fertig, kommt eine Fehleranzeige, ""wmem reports disc project build exception: 026416f5  Nachfolgend die, wenn ich moechte angezeigte Fehlermeldung.  Ich hoffe das Sie mir helfen koennen.  Vielen Dank      ",4
" Ich möchte eine Produktpreview mit Daten und processes zusammenstellen. Die wdt-Daten lassen sich wunschgemäß importieren. Processes mit dem prc-Format werden nicht angenommen. Muß ich die Dateien umwandeln (wie?) oder muß mich eine Freischaltung (nach der ich nicht gefragt werde) aktivieren. Die Hinweismeldung lautet:""Dateityp kann nicht geöffnet werden"".  Die prc-Dateien habe ich auf der gleichen Datei auf der Festplatte wie die wdt-Dateien. Aufgezeichnet sind die Objekte mit einem Solarmobile FMV-ZU0. Ich danke für Ihre Unterstützung      ",4
" ich habe alle Anweisungen brav befolgt (Ordner Dateien etc. (die .dll Datei existierte übrigens nicht (mehr?)) nochmal gelöscht und alles neu installiert).   Keine Chance. Immer derselbe Problemcode -9....   die Upgrade Option hätte ich eigentlich gerne genutzt, doch dahin komme ich bekanntlich mit diesem Fehler überhaupt nicht, da das Programm ja beim Ausführen jeweils abstürzt (zu Ihrer Information!)!!!   Einen Patch konnte ich bis eben auch nicht herunterladen - trotz Registrierung der Seriennummer (war dort nichts angezeigt für SC 20)!   Nun eben war dann plötzlich doch ein (neuer?) Patch zu sehen.... alles sehr sehr seltsam bei Ihrem Unternehmen muß ich sagen (mit der derzeitigen Firmenpolitik bin ich überhaupt gar nicht zufrieden als Kunde!!!). Wieso wird immer nur der aktuelle Patch maximal angezeigt - immer nur für registrierte Software? Ja ich weiß - die bösen Raubkopierer - mich als bisher zahlenden Kunden treiben Sie mit Ihrer andauernd (!!!) fehlerhaften Software bald den Raubkopierern in die Arme.... statt Gängelung der eigenen Kunden sollte Warehouse mal umdenken und die eigenen Kunden belohnen (zumindest mit einwandFREIER Software)!!!   Den Patch inzwischen heruntergeladen und hoffnungsvoll dessen Installation ausgeführt (sogar nachher direkt aus dem Programmordner des bereits installierten SC20 Ultimate). Dann kam allerdings der nächste Scherz...  darüber wurde schon viel im Internet diskutiert, daß dieser ominöse Problemcode -9 Fehler eigentlich eine Kopierschutzsache Ihrer Firma sei.... dumm aber, wenn man ja von der Original CD installiert und dann so einen Fehler bekommt....   ich habe Ihnen den neuesten Scherz mal als gif angehängt....   Ich habe keine Ahnung, was Ihr Unternehmen da mit dem SC 20 (Ultimate) programmiert hat, aber eine ""problemlos"" zu installierende und laufende Software ist es definitiv nicht....   Ich bin nun inzwischen ca. 30 Jahre ""im Geschäft"", aber Sie sind gerade wirklich dabei, sich den Spitzenplatz in der Programm Geschichte der schlimmsten Software zu erobern !!!     Und sagen Sie nun bitte nicht, ich solle ALLE (auch bisher normal laufende) Warehouse Programme VOR der Installation von SC20 deinstallieren und/oder Firewall+Antiviren Software schließen etc. pp..... wo sind wir denn?    Sowas in der heutigen Zeit? Und gleichzeitig verlangt Warehouse ständig online zu sein?!! Sie haben hier ein ""einfaches"" Statistikprogramm.... keine Officesuite oder Superspiel etc.... und all diese installiert man mal eben nebenbei, während man im Internet surft oder chattet und dabei noch Musik hört .... und alles läuft sofort und ganz problemlos... und falls nicht, dann wird es mit einem Update behoben.... das Divisions Problem vom SC19 haben Sie bis heute dort nicht beheben können?!   Ich bin auf die TATSÄCHLICHE Lösung des aktuellen SC20 Fehlers nun wirklich gespannt wie ein Flitzebogen.... hoffentlich erleb ich die Lösung auch nochmal und bekomme nicht vorher einen Schlaganfall    (und noch ein vermiestes Wochenende durch Warehouse!!!)       Mit freundlichen Grüßen      ",0
" Ich verwende Prozesse mit ""PRC"" Format und möchte sie mit Warehouse bearbeiten und soll dafür eine Workit Bibliothek installieren. Wie mach ich das?      ",4
" Sehr geehrte Damen und Herren, habe folgendes Problem.Beim Kopieren von DATA3- Filmen fehlt die Bestellnummernzeile bzw. ist auch keine Bestellnummer zu sehen. Ich denke , das es mit dem Entschlüsselunxverfahren zu tun hat, denich aber nicht bekomme. Bei der Online-Anfrage taucht jedesmal die Anfrage nach der Kennungs-NR auf.Wo kann ich die denn finden. Für eine Ihnen schnellstmögliche Antwort bedanke ich mich im Voraus. Mit freundlichen Grüßen Wolf Mendes      ",2
"  Sehr geehrte Damen und Herren,  als langjähriger Nutzer von SFC habe ich jetzt auf Version 20 neo upgedatet. Leider kann ich aktuell ein wichtiges Projekt nicht zu Ende führen, da die Erstellung der DVD nicht funktioniert. Ich bekommen nach dem 8 stündigen Verschlüsseln eine Fehlermeldung bezüglich ""wmembank.dll"" und muss das Programm beenden. Meine Recherche in Ihren Foren informierte mich, dass es sich dabei eventuell um ein Brennertreiberproblem bzw. ein Problem bei der Erstellung der DVD-Darstellung handelt. Die aktuellen Updates auf Version 13.1.0.5 wurden durchgeführt.  Meine Rechner: CATCH Encourage 8451 Intel Core Duo 5 GHz, 5 GB RAM, Grafi TELLFORCE Technical Speedstar X8504, Update von MS Vista auf MS Win7 (keine manuellen Treiberupdates)  Bitte helfen Sie mir, mein fast fertiges Projekt fehlerfrei fertigstellen zu können. Die Crash-Datei aus SFC sende ich als Anhang hier mit.  Ich bitte um Ihre Antwort an jens.schering@web.de  Mit freundlichen Grüßen Jens Schering      ",4
" Guten Tag Warehouse Helpdesk, wenn ich mit der Overlay und ved backcalculating einstellung arbeite. Dann stockt mein Prozess bei großen Eingabedaten extrem. Wenn ich es direkt mit dem Prozessskanner auf dem Bildschirm anschaue, gibt es überhaupt kein einziges Stocken. Ich hab auch mit bed probiert, dabei werden die Daten des Prozesses allerdings vielfach angezeigt. Das kann man sich so vorstellen, das die Daten alle einzeln geöffnet und wieder geschlossen werden. Naturlich müsste man das ganz ganz schnell machen. Ohne backcalculating bilden sich extrem viele leere Spalten. Das waren nun alle Einstellungen die die Software zur Verfügung hat. Nun weiß ich nicht wie ich meine Prozesse ohne Stocken mit Warehouse erstellen kann...  Den Prozess erstelle ich mit einem XLS Prozessskanner und einem Trendset Shizzle Salesgetter. Dazu muss ich sagen das dieser Fehler bei dem Trendset eigenem Programm überhaupt nicht auftritt. Deswegen liegt es ganz klar an meiner sales firstclass 20 Software. Allerdings möchte ich diesen Fehler beseitig bekommen, da mir sales firstclass besser als Trendst shizzle gefällt.  Sowie ich in Foren gelesen habe, bin ich nicht der einzige mit diesem Fehler. Gibt es irgendwann Updates oder Abhilfen für dieses Grobe Problem? Danke  Mit freundlichen Grüßen Frank Elster      ",0
" Beschreibung des Fehlers: Wenn ich den Marker (dieser Blaue Pfeil, der die Position im Ablauf anzeigt) des Prgrammes auf eine Stelle in meinem Prozess bewege, dann wird das Objekt von begin an angezeigt. Ich schau mir den Ablauf an, er ist zu ende, dann klicke ich auf ""beenden"" und bewege den Pfeil auf das letzte Objekt im Prozess. Dieser startet dann nicht von der position des Pfeils sondern von beginn an. Wie ist das zu beheben? Ich habe wirklich schon viel versucht: Ich habe Sebupro getestet und habe mich in einem Bug-Irrgarten wiedergefunden, ich habe mir Saleadise gekauft und hatte bei DT4 Dateien nur noch die Bestellnummernzeile im Fertigem Ablauf und jetzt kann ich mit ihrem wirklich gut gelungen Programm nicht vernünftig bearbeiten, da diese Funktion nicht funktioniert. Gibt es da ein Upgrade oder einen Patch oder einen Trick, oder mache ich etwas falsch? --------------- Schritte zur Reproduktion: 1. Mehrer DT4-Clips (in meinem Fall: 560 zu 232 bei einer Datenrate von 23344 kBit/s und einer Geamtbitrate von 1875 kBit/s (oder ähnlich) bei 28 Segmenten pro Kilobyte und einer 428 kBit/s Statistikanzeige) hintereinander einfügen 2. Ablauf bis zum Schluss anzeigen 3. Den Blauen Pfeil langsam oder schnell wieder auf das letzte Objekt ziehen. Dann wird dieses wieder von anfang an angezeigt. - So lässt sich wirklich nicht gut arbeiten.      ",0
" Bei der Erstellung von Prozessen mit einem Handscanner kommt es zu Versetzung zwischen der Bestellnummer- und der Datenzeile! Auch die mitgelieferte Funktion des Programmes kann das Problem nicht beheben. Auch tritt das Problem nicht regelmaessig, also immer, sondern nur sporadisch auf. Woran kann das liegen und wie kann man diesen Fehler beheben. Koennte es eventuell an unterschiedlich eingestellten Zeitzonen und daraus resultierende Reaktionen seitens des Handscanners liegen?      ",2
" wenn ich meinen Freischaltcode eingebe, kommt das grüne Häckchen. Wenn ich dann aber auf das erleuchtete ?Programm unbegrenzt verwenden drücke? bekomme ich wieder die Fehlermeldung: Der Freischaltcode ist nicht korrekt. Bitte überprüfen Sie den eingegebenen Freischaltcode oder wenden Sie sich an den WAREHOUSE Helpdesk.      ",5
  Warehouse Produkt Organizer 12 und 13 läst sich nicht freischalten mit den per Mail geschickten Aktivierungcode. Diese Software ist doch       ,5
" -Der Fehler trat beim erstmaligen Versuch des Brennens (DVD Brenner)   eines  fertiggestellten Warehouse  Projektes (1350MB) der Version 11 auf.  -Die Schritte 2-6 Verschlüsseln und Processing werden durchgeführt, beim  Schritt 7 ""Brenne CD"" kommt die Fehlermeldung ""Brennvorgang auf grund eines internen Problems unterbrochen"".  -Mein Testversuch  ein einfaches Produkt (.wdt) zu brennen, wurde ebenfalls    mit  o.g. Fehlermeldung unterbrochen. -Verwendet habe ich eine DVD+RW 7.7 GB -Bei der vorherig verwendeten Warehouse Version 8.3 trat kein Brennfehler auf. Bei diesem eben durchgeführten syschare traten ebenfalls beim Schritt 33 ""Prüfen Laufwerk F ""(DVD Brenner) Schwierigkeiten auf. Ich hoffe die Fehlerbeschreibung reicht aus.      ",1
" Ich kann zwar meine Abläufe in xls exportieren, aber meine xls-Teamprozesse nicht einlesen/importieren. Ganz sicher ist es kein Zugriffsfehler. Wie löst man das?      ",4
" .. mein SFC19 Ultimate PE behauptet dauernd, es wäre nicht registriert. Obwohl ich sicher bin, dass ich das bereits direkt bei der Installation gemacht habe, bin ich inzwischen schon -zigmal der Aufforderung nachgekommen und habe auf ""jetzt registrieren"" geklickt, bisher jedoch ohne Erfolg.  Was kann der Grund dafür sein und wie bekomme ich das Programm besänftigt?  Beste Grüße und schönes Wochenende.      ",5
" Verlängerung der Demo-Phase Sales simple Computerwelt Edition  Ich bat um die Verlängerung der Demo-Phase für oben angeführtes Produkt, um es unbegrenzt nutzen zu können. Leider läßt sich für mich aus der von Ihnen gesendeten e-mail nicht der Code zur Demo-Phase erschließen.Es wäre hilfreich für mich wenn:  1. Sie mir entweder erklären wie ich zum Code komme bzw. 2. Sie mir den Code per e-mail zuschicken können.  Auszug aus der e-mail:       _____________________________________  Vielen Dank für Ihre erfolgreiche Registrierung für die Software:                 WAREHOUSE Sales simple Computerwelt Edition  Nachfolgend finden Sie Ihre persönlichen Logindaten. Bitte bewahren Sie diese gut auf!  ------------------------------  E-Mail:   krusty@gmx.de ------------------------------  Software-Specials Damit wir Ihnen Newsletter, sowie spezielle Softwareangebote ab sofort per E-Mail zusenden können, sollten Sie in Ihrer Anmeldung die Option ""JA, als Text-E-Mail"" oder ""JA, als XML- E-Mail"" aktiviert haben.  Natürlich haben Sie jederzeit die Möglichkeit, diese Optionen auch später zu aktivieren. Dafür melden Sie sich einfach mit Ihrem Usernamen und Ihrem Passwort unter: http://www.warehouse.com/ an.  Möchten Sie Ihre gesamten Daten ändern, loggen Sie sich bitte auf der WAREHOUSE Homepage ein und klicken auf ""User-Einstellungen ändern"".       ____________________________________  Vielen Dank für Ihre Bemühungen     Wilfried Steuner      ",5
" Sehr geehrte Damen und Herren, Sereien-Nr. M5-04428-06534-27015-76712-72326-70711  Ich möchte meine fertiggestellten Daten Brennen. Leider kommt die Meldung:        Brenner nicht vorhanden/gefunden. Ich weis auch nicht ob meine Software für Window 7 geeignet ist.  Erbitte umgehend um Ihre Unterstützung, da ich ab Dienstag im Urlaub bin.  Mit freundlichen Grüßen Wilhelm Donau      ",1
" Wieder bekomme ich beim Produktorganizer ein grünes Häkchen, wenn ich den erhaltenen Trialcode eingebe. Drücke ich danach auf Programm unbegrenzt verwenden, bekomme ich weiterhin die Fehlermeldung. Der Freischaltcode ist nicht korrekt. Bitte überprüfen Sie den eingegebenen Freischaltcode oder wenden Sie sich an den Warehouse Helpdesk.      ",5
" Sales firstclass 19 Ultimate Spezialedition Ich habe meinen Verkaufs-Ablauf fast fertig bearbeitet. Wenn ich ihn zur Kontrolle im Programm durchrechnen will kommt folgende Meldung: ""Das Smartkarten-Device 'none' kann nicht für die Abrechnung göffnet werden. Es wurde kein Treiber auf ihrem System gefunden"".  Dieser Fehler ist vor längerer Zeit schon mal aufgetreten, jedoch nach mehreren Neustarts verschwunden.  Ich wollte den Ablauf eigentlich meinem Chef zum 3. Jahresmeeting am 12.09.11 präsentieren. Das kann ich wohl vergessen. Für ihre Hilfe besten dank Karl Vollmilch      ",3
" Sehr geehrte Damen und Herre,  nach Einbau eines neuen DVD-Laufwerkes (GGD FG 25 LP56) ist es nicht mehr möglich, nach erstellten Ablauf (s. Prgramm unter Betreff) eine DVD zu brennen.  Ich nutze DVD-Rohlinge 8,5 GB 2.4 - 8 x Speed DVD+RW von getterize Die Größe der zu brenndenden Abläufe beträgt ca. 6.900 MB.  Im Anhang stelle ich die ""log-Datei"".  Bitte teilen Sie mir mit, welches Problem das Brennen verhindert.  Für Ihre Bemühungen besten Dank  Mit freundlichen Grüßen      ",1
" Hallo, Specsmanager 10 ändert bei jedem Neustart, wenn ich an einem Datenblatt weiter arbeiten möchte, die DSG Dateien in AppData/Local/Temp/DSG.../specs_xm_sheets ! Was zu Fehlermeldungen führt bei der Specificationsheet-Vorschau und beim Specificationsheet-Export. (siehe Anlage)  Mit freundlichen Grüßen,  Kuno Schlepper      ",4
" Ich habe auf meinem Laptop Windows 7 installiert. Da WAREHOUSE CASH & Prozessscanner (Kaufdatum Feb. 2010)nicht mehr lief, habe ich es deinstalliert und dann versucht neu zu installieren. Das gibt aber die Fehlermeldung \""Installation auf dem Betriebssystem nicht zulaessig\"". Downloads haben mir auch nicht geholfen. Was kann ich tun? Gruss      ",3
" Guten Tag, bereits bei der Installation wurde darauf hingewiesen, daß Produktdaten nicht umgewandelt werden konnten und das Programm teilweise nicht funktionieren könnte. Habe trotzdem weiter installiert und kann teilweise damit arbeiten. Am Programmstart bringt es dann aber  immer den Hinweis, daß der Produktdatenspeicher nicht ordnungsgemäß installiert wäre. Kann auch nicht in ""WAREHOUSE Daten"" auf den Datenspeicher zugreifen. Die gleiche Fehlermeldung erhalte ich auch beim Produktorganizer.      ",0
" Hallo liebe Fachleute! Im Rahmen eines neuen Prozess-Projekts möchte ich einen Ablauf, der bereits früher (von einer XLS-Liste) auf eine DVD überspielt worden ist und den ich in Form einer BZS.BPN-Datei auf meinem Rechner gespeichert habe, importieren. Das funktioniert grundsätzlich auch, es kommt aber der Prozess nur ohne Bestellnummer an; also die Bestellnummer geht bei der Operation verloren. Was ist die Ursache? Was kann ich tun?  Mit freundlichem Gruß und Dank im Voraus Ernst Teufelsweib-Wander      ",2
" Sehr geehrte Damen und Herren,  trotz all meiner Bemuehungen schlaegt die DVD-Treiberinstallation fehl. Auch nach dem Download des Treibers dvd-prozessverwalter-5.de auf \""helpdesk.warehouse.net\"" erscheint die Fehlermeldung:  1133: Unable to finish installation.  In der Hoffnung auf Antwort verbleibt mit freundlichen Gruessen      ",3
" Hallo Serviceteam, ich habe mir vor einigen Tagen -Warehouse Sales Firstclass Neo EMV- gekauft. Gestern habe ich die Software installliert, leider ist dabei folgendes Problemaufgetreten: Nach Abschluß der Installation, die ja prinzipiell von allein von statten geht und bei mir mehr als 3 Stunden gedauert hat, erschien ein Fenster in dem ich gefragt wurde, ob ich Warehouse jetzt starten wolle. Ich bestätigte mit -Ja-. Der Start erfolgte, die Benutzeroberfläche wurde sichtbar. Darüber legte sich das Logo, unter dem klein geschrieben stand ""Programmoberfläche wird aktualisiert......"". Ich wartete weiter 3 Stunden. Es änderte sich nichts. (Der Windows-Vista-Wartekreis drehte sich unentwegt) Auf der Oberfläche konnte ich nicht anklicken. Also brach ich den Vorgang über den Taskmanager ab, startete neu und versuchte es erneut. Leider mit dem selben Erfolg. Es erschien zu keinenm Zeitpunkt ein Fenster, in dem ich die Software freischalten sollte. Während der Insallation wurde ich nicht, wie im Handbuch beschrieben, ob ich allein oder mehrere Benutzer zugelassen werden sollten. Nun habe ich ein Programm gekauft, das nicht startet. Deshalb erhoffe ich mir nun Hilfe. Einige Infos zum Computer: - der genutzte PC   (Gigabyte U84t) ist nicht ans Internet angeschlossen und wird dies auch nicht - Benutzerprogramm: Windows Vista Ultimate - Grafikkarte: ATI Geforce go 8444 - Element: Realtek High Definition Audio - 4 GB RAM - 75 GB Festplatte - Bildschirmauflösung: 1024 x 768 Pixel - auf dem Rechner befindet sich bereits Warehouse -Produkte im IT und OFFICE Katalog - sowie der Warehouse Produktorganizer, beides aus dem Jahr 2008 Vielen Dank für ihre Hilfe B.Aergher      ",0
" Hallo,  ich habe Saeles Firstclass WH Neo auf Win 7 64 Bit (Catch Amplitude E3757) installiert. Leider bekomme ich keine Produktvorschau bei der Erstellung angezeigt, sondern immer nur die ersten Daten, die beim Erstellungsbeginn vom Solarmobile QS-BV070 angezeigt wurden, als einzelner Datensatz.  Ich habe bereits den älteren Ethernet-Treiber installiert, wie im Forum und den FAQs beschrieben:  --------------- Häufig sind unter Windows 7 die gebräuchlichen Ethernet-Treiber der Grund für Probleme bei der EM/EMVX-Erstellung.   Versuchen Sie einen älteren Ethernettreiber zu benutzen:   - öffnen Sie den Gerätemanager, Doppelklicken auf die EtherNet Karte (TCP/IP Protokoll), wählen dort ""Treiber aktualisieren"", ""Auf dem Computer nach Treibersoftware suchen"" und ""Aus einer Liste von Gerätetreibern auf dem Computer auswählen""   - nun sollten mehrere Treiber in der Liste erscheinen . Installieren Sie den ""NWRL-konformen 4000-Hostcontroller (alt)"" und versuchen Sie die Erstellung anschließend erneut. -----  Das hat wenigstens die Erstellungsprobleme behoben, aber eine Vorschau habe ich leider immer noch nicht. Können Sie mir weiterhelfen?  Danke und viele Grüße Theo Pauker      ",3
"  Laden von * PRC Dateien in den Arbeitsbereich. Vermutlich fehlt die Freischaltung des Entschlüsselungsverfahrens, jedoch machen sie es unmenschlich schwer dieses Entschlüsselungsverfahren freizuschalten. Trotz mehrerer Versuche bin ich gescheitert. Was muss ich wirklich tun um zum Erfolg zu kommen?      ",4
" Sehr geehrter Herr Meyer, die Probleme reissen einfach nicht ab. Lade ich nun ein Backup DW oder RW stockt die Abrechnung. Der Anfang des Ablaufs funktioniert noch. Sobald erste Daten oder Funktionen genutzt werden faengt der Ablauf an zu stocken. Der Ladebalken laeuft nicht kontinuierlich weiter.  mfg      ",0
" Seit Ihrem update kommen komische Blasen auf meinem Blatt zu Vorschein, die ich aber nicht reingemacht habe !      ",0
"  nachdem ich mein programm installiert habe, kommt so ziemlich am schuss  die installationsmeldung bei der umwandlung ihrer produktbank ist ein fehler aufgetreten . sie werden ihren datenspeicher daher mit dieser software nicht nutzen koennen.  genau das trifft zu. ich habe das programm mehrfach geloescht und neu installiert aber immer die gleiche meldung erhalten. Frage wes laeuft falsch ? das programm hat vorher gelaufen, erstellte abläufe wurden aber waehrend des kontolldurchrechnens ploetzlich unsauber bei bestellnummer und produktdaten.  jetzt ist kein archivieren meiner abläufe moeglich. auch der handscanner wird im warehouse programm nicht erkannt. ich danke ihnen schon jetzt fuer ihre muehe und verbleibe mit freundlichen gruessen       ",3
" Sehr geehrte Damen und Herren,  beim Exportieren erhalte ich die Fehlermeldung   Interner Programmfehler 4225.u.kp.v  Ich habe die Anwendung bereits mehrfach deinstallaiert und neu installiert.      ",4
" Hallo. Ich mache öfters eine Artikel previu, in der ich auch Verkaufsprozesse einstelle. Folgender Fehler tritt ""meistens - bis beinahe immer"" auf: Wenn ich mir die Übersicht anschaue dann passt oft die Bestellnummernzeile nicht zum Teilablauf - was besonders ärgerlich ist, wenn man ein Produkt sucht und das nicht synchron ist. Weiterhin passiert es, dass die Abläufe total stockend berechnet werden oder sogar in der Preview hängen bleiben, wenn ich den Übersicht etwas schneller manuell nach rechts verschiebe, weil ich einen Auftrag weiter hinten anschauen will. Es wäre super, wenn Sie mir sagen können, woran das liegt. Gruß Martin Bahre      ",0
" Sehr geehrte Damen und Herren, ich habe vor ein paar Tagen Sales firstclass 20 ultimate gekauft und installiert. Wollte jetzt eine Gewinn-Kalkulation beginnen. Bei der der Monatseingabe unter Gewinnziel eingeben und mit Eingabetaste (Enter) bestätigen, kommt die Fehlermeldung ""Fehler beim Parsen der XSL Daten"".  Wo liegt das Problem und wie kann es behoben werden. Vielen Dank Ralf Keltau      ",4
" Hallo,  ich habe bei Ebay das Produkt Sales Firstclass 18 Neo von privat ersteigert, der Verkäufer versicherte mir das er das Produkt vollständig deinstalliert habe und es auch keine Kopien gibt. Das habe er mir auch schriftlich versichert. Ich habe nun das Produkt instaliert es funktioniert auch. Nun möchte ich es gerne registrieren geht aber nicht da es schon für eine andere E-Mail registriert ist. Ohne die Registrierung fehlen mir noch einige Details von diesem Programm. Was kann ich tun?, was kostet es mich?.       ",5
